link,name,event,start,end,hours,zero_hours,treated_hours,blocks,windows,blocks_with_window,weight,weight_plus,weight_minus,confirmed,source,type,message_coverage,directions,both_directions_coverage,message_ids,note,remit_frozen
GB-NL,BritNed,0,2019-05-13,2019-05-15,56,56,56,1,5,1,0.0011954874091461279,0.0006130468945935419,0.0029010699758369837,False,,,0.0,,0.0,,,unclassified
GB-NL,BritNed,1,2019-09-16,2019-09-18,55,55,55,1,5,1,0.003186778623824991,0.001526543984658396,0.007519919126067661,False,,,0.0,,0.0,,,unclassified
GB-NL,BritNed,2,2020-08-05,2020-08-06,34,34,34,1,5,1,0.00460963475814988,0.0011135572999007967,0.005848569581571893,False,,,0.0,,0.0,,,unclassified
GB-NL,BritNed,3,2020-09-21,2020-09-25,107,107,45,1,5,1,0.00418078027921468,0.0011094701608812224,0.007154124631250495,False,,,0.0,,0.0,,,unclassified
GB-NL,BritNed,4,2020-12-08,2021-01-04,644,642,640,4,11,3,0.06495428209967505,0.0221316200764315,0.10971972307362306,False,,,0.0,,0.0,,,unclassified
GB-NL,BritNed,5,2021-01-08,2021-02-08,733,723,723,5,9,2,0.04680733209235743,0.022482745517243077,0.10993008278303937,False,,,0.0,,0.0,,,unclassified
GB-NL,BritNed,6,2021-03-09,2021-06-06,2132,2080,2080,13,8,2,0.13253761046539717,0.05292775132727131,0.26409466114189495,False,,,0.0,,0.0,,,unclassified
GB-NL,BritNed,7,2022-05-16,2022-05-20,104,103,103,1,2,1,0.03188515074825129,0.1057107256142628,0.015666854780035485,True,Nord Pool UMM,planned,1.0,GB>NL;NL>GB,1.0,92c43e2e-e9e1-4723-a267-a12bc9578b53,,unclassified
GB-NL,BritNed,8,2022-09-19,2022-09-23,98,97,26,1,5,1,0.005672192426423217,0.004426114646286842,0.003310760684184081,True,Nord Pool UMM,planned,1.0,GB>NL;NL>GB,1.0,cf8df372-4752-4636-b36c-c443af697ac0,,unclassified
GB-NL,BritNed,9,2023-05-22,2023-05-24,50,50,50,1,5,1,0.011999582184247539,0.010063517156805351,0.013170336120528156,True,Nord Pool UMM,planned,1.0,GB>NL;NL>GB,1.0,7f450fd4-3754-4770-8856-ef99cf66df3e,,unclassified
GB-NL,BritNed,10,2023-09-18,2023-09-22,107,107,105,1,4,1,0.028312205510270094,0.055230247439669734,0.014072154339813412,True,Nord Pool UMM,planned,1.0,GB>NL;NL>GB,1.0,ebe903c6-dbb8-4109-91bd-46efdb3eab37,,unclassified
GB-NL,BritNed,11,2024-07-01,2024-08-10,948,941,940,6,3,2,0.38628372380110515,0.4632506313316033,0.18280201916044642,True,Nord Pool UMM,unplanned,1.0,GB>NL;NL>GB,1.0,9edad99d-50d7-4362-8214-87fb26b4827d;3a3294a8-0002-4746-b9a4-f157cee4e52a,,unclassified
GB-NL,BritNed,12,2024-12-06,2025-01-18,1031,989,985,6,7,3,0.16093732045907388,0.14394763863921287,0.1804069369823761,True,Nord Pool UMM,unplanned,1.0,GB>NL;NL>GB,1.0,1c438bce-e15d-421e-a23d-0e48d25ece0a;8d0d4496-6bbc-43c4-9dc2-922e66da2b74,,unclassified
GB-NL,BritNed,13,2025-01-22,2025-01-27,107,107,107,1,5,1,0.017773065786806628,0.006772419578642025,0.025324606518685632,True,Nord Pool UMM,unplanned,1.0,GB>NL;NL>GB,1.0,1c438bce-e15d-421e-a23d-0e48d25ece0a;8d0d4496-6bbc-43c4-9dc2-922e66da2b74,,unclassified
GB-NL,BritNed,14,2025-05-13,2025-05-16,82,79,79,1,5,1,0.03465960560226737,0.03474540691543551,0.01832635805793317,True,Nord Pool UMM,planned,1.0,GB>NL;NL>GB,1.0,ca3c5bda-988b-4c41-a8f7-6b2c1503bc19;8e91caf7-e98c-4feb-b498-390473f1c068,,unclassified
GB-NL,BritNed,15,2025-09-15,2025-09-21,158,158,157,1,0,0,0.02969249975289407,0.045892161047203305,0.01525794552891864,True,Nord Pool UMM,planned,1.0,GB>NL;NL>GB,1.0,eacc629a-d199-41fe-bd36-17dd0d0edb2f;9413d893-6288-4870-ac14-c99b60871e90;f6dee993-3626-4fce-b8d8-c8ee0580f589;573a18fb-2818-4742-ab33-8049f02dce8a,,unclassified
GB-NL,BritNed,16,2026-05-11,2026-05-15,107,107,107,1,2,1,0.03531274800089535,0.028056402369898356,0.02449387751379454,True,Nord Pool UMM,planned,1.0,GB>NL;NL>GB,1.0,52835e01-261a-4781-8b9b-8c53da0f1f48;a9eb6716-fe16-47b8-87b5-3dcea99a5860,,unclassified
GB-BE,Nemo Link,0,2019-04-08,2019-04-09,35,35,35,1,5,1,0.003741462708018046,0.0015081503650300687,0.010111976628734438,True,Elexon REMIT,planned,1.0,BE>GB;GB>BE,1.0,10X1001C--00004R-ELXP-RMT-00000007;10X1001C--00004R-ELXP-RMT-00000006,,Planned
GB-BE,Nemo Link,1,2019-07-01,2019-07-08,181,181,168,1,5,1,0.031235846351015045,0.012590892052819894,0.08442049886086443,True,Elexon REMIT,unplanned,1.0,BE>GB;GB>BE,0.873,10X1001C--00004R-ELXP-RMT-00000016;10X1001C--00004R-ELXP-RMT-00000017,,Unplanned
GB-BE,Nemo Link,2,2019-09-23,2019-09-26,87,87,82,1,4,1,0.03578573317081141,0.014424910992368907,0.09671738721059202,True,Elexon REMIT,planned,1.0,BE>GB;GB>BE,1.0,10X1001C--00004R-ELXP-RMT-00000003;10X1001C--00004R-ELXP-RMT-00000002,,Planned
GB-BE,Nemo Link,3,2020-09-21,2020-09-23,62,61,0,0,0,0,0.0,0.0,0.0,True,Elexon REMIT,planned,1.0,BE>GB;GB>BE,1.0,10X1001C--00004R-ELXP-RMT-00000023;10X1001C--00004R-ELXP-RMT-00000024,,Planned
GB-BE,Nemo Link,4,2021-09-21,2021-09-24,76,76,76,1,5,1,0.05183409898349489,0.013141571090438205,0.11179274168443337,True,Elexon REMIT,planned,1.0,BE>GB;GB>BE,1.0,10X1001C--00004R-ELXP-RMT-49033796;10X1001C--00004R-ELXP-RMT-20102840,,Planned
GB-BE,Nemo Link,5,2022-09-20,2022-09-22,56,56,0,0,0,0,0.0,0.0,0.0,True,Elexon REMIT,planned,1.0,BE>GB;GB>BE,1.0,10X1001C--00004R-ELXP-RMT-56511921;10X1001C--00004R-ELXP-RMT-20102808,,Planned
GB-BE,Nemo Link,6,2023-02-08,2023-02-10,62,62,61,1,5,1,0.02136419729817719,0.006805276743662711,0.03769475247734912,True,Elexon REMIT,planned,0.952,BE>GB;GB>BE,0.952,10X1001C--00004R-ELXP-RMT-20683333;10X1001C--00004R-ELXP-RMT-23011559,,Planned
GB-BE,Nemo Link,7,2023-09-25,2023-10-06,274,271,265,2,6,2,0.6890136322679982,0.9002098534688141,0.3046939940021065,True,Elexon REMIT,planned,1.0,BE>GB;GB>BE,1.0,10X1001C--00004R-ELXP-RMT-93143866;10X1001C--00004R-ELXP-RMT-22011001,,Planned
GB-BE,Nemo Link,8,2024-09-23,2024-09-27,108,108,104,1,5,1,0.08703376169818246,0.028281360257744644,0.20482574152444505,True,Elexon REMIT,planned,1.0,BE>GB;GB>BE,1.0,10X1001C--00004R-ELXP-RMT-24092923;10X1001C--00004R-ELXP-RMT-24092307,,Planned
GB-BE,Nemo Link,9,2025-09-22,2025-09-26,110,110,106,1,1,1,0.07999126752230278,0.023037985029121518,0.14974290761147502,True,Elexon REMIT,planned,1.0,BE>GB;GB>BE,1.0,10X1001C--00004R-ELXP-RMT-25092823;10X1001C--00004R-ELXP-RMT-25092207,,Planned
DE-SE,Baltic Cable,0,2023-09-06,2023-09-15,230,228,227,2,9,2,0.0334510314027094,0.027312359308792795,0.094708866669614,True,Nord Pool UMM,planned,0.978,DE>SE;SE>DE,0.978,f654310a-a8bf-4bac-a0cd-23d144746c50,,
DE-SE,Baltic Cable,1,2023-11-15,2023-11-16,30,30,29,1,5,1,0.003872033461919209,0.003161468114225039,0.010962768127247877,False,,,0.0,,0.0,,,
DE-SE,Baltic Cable,2,2023-12-07,2023-12-08,38,38,38,1,5,1,0.02856819408804084,0.05398578872631423,0.00979299060304179,False,,,0.0,,0.0,,,
DE-SE,Baltic Cable,3,2024-01-08,2024-01-09,25,25,25,1,5,1,0.005015062266217067,0.002358120791503034,0.007489126499006264,False,,,0.0,,0.0,,,
DE-SE,Baltic Cable,4,2024-03-24,2024-03-25,26,26,25,1,5,1,0.0028337267412732463,0.002313703335745894,0.008023042544979049,False,,,0.0,,0.0,,,
DE-SE,Baltic Cable,5,2024-04-18,2024-04-19,26,26,0,0,0,0,0.0,0.0,0.0,False,,,0.0,,0.0,,,
DE-SE,Baltic Cable,6,2024-04-22,2024-04-25,81,63,0,0,0,0,0.0,0.0,0.0,False,,,0.0,,0.0,,,
DE-SE,Baltic Cable,7,2024-06-25,2024-06-27,33,33,33,1,5,1,0.0020765717591533137,0.0016954955240002989,0.005879333151192691,False,,,0.0,,0.0,,,
DE-SE,Baltic Cable,8,2024-07-10,2024-07-11,40,40,40,1,5,1,0.0016672966131436298,0.0013613273571236953,0.004720565136898266,False,,,0.0,,0.0,,,
DE-SE,Baltic Cable,9,2024-08-05,2024-08-06,28,28,28,1,5,1,0.0013559646709605446,0.001107128622058085,0.0038391006747943695,False,,,0.0,,0.0,,,
DE-SE,Baltic Cable,10,2024-09-09,2024-09-27,441,440,0,0,0,0,0.0,0.0,0.0,True,Nord Pool UMM,planned,0.995,DE>SE;SE>DE,0.995,8ea52183-b0ec-4311-a005-c292090e36c7;3918d056-d5ec-4a04-8613-624bb6f3594c,,
DE-SE,Baltic Cable,11,2025-02-06,2025-02-07,30,30,30,1,5,1,0.004895345045606978,0.003996989546196981,0.013860038443795025,False,,,0.0,,0.0,,,
DE-SE,Baltic Cable,12,2025-02-24,2025-03-05,220,220,220,2,6,2,0.05442289698252273,0.039899774283643115,0.14499915404168032,True,Nord Pool UMM,planned,1.0,DE>SE;SE>DE,1.0,671eb243-f56e-49cc-bb0c-24a81f307814;df6d31d0-d5ed-4c07-9a5d-f368f57fb47e,,
DE-SE,Baltic Cable,13,2025-05-19,2025-05-23,107,107,0,0,0,0,0.0,0.0,0.0,True,Nord Pool UMM,planned,1.0,DE>SE;SE>DE,1.0,6f906881-bfcf-4ab1-89be-2297e8e78cae,,
DE-SE,Baltic Cable,14,2025-10-04,2025-10-05,39,39,37,1,5,1,0.008653083253316155,0.014118964048367051,0.009243963168074604,False,,,0.0,,0.0,,,
DE-SE,Baltic Cable,15,2025-11-25,2025-11-26,26,26,0,0,0,0,0.0,0.0,0.0,False,,,0.0,,0.0,,,
DE-SE,Baltic Cable,16,2026-02-16,2026-02-20,100,100,0,0,0,0,0.0,0.0,0.0,True,Nord Pool UMM,planned,1.0,DE>SE;SE>DE,1.0,89e87eef-4adc-463f-b9f6-489d78799d09,,
DE-SE,Baltic Cable,17,2026-04-19,2026-05-22,790,789,500,3,12,3,0.2870982945973655,0.33834084217112015,0.2098085805812243,True,Nord Pool UMM,unplanned,1.0,DE>SE;SE>DE,1.0,ae1d33d3-7a8c-47fb-9ccd-aa80a8e37833;55bfc7f7-15e6-4948-83c9-06afed14110b;3ff2be12-288e-4a06-8b23-65109e38f3d6;ffdd61c1-a1c7-4e59-8852-82626f7c4212;43152dde-1242-4b2f-98b6-13edca0fb18b,,
DE-SE,Baltic Cable,18,2026-06-21,2026-08-31,1712,1706,1344,8,0,0,0.5660904991177714,0.5103480381709097,0.47667247035845123,True,Nord Pool UMM,unplanned,1.0,DE>SE;SE>DE,1.0,aad325e0-cb1e-4ff2-8258-c496849aba58;e911027b-e42e-460b-b860-705a07ab5db7,,
GR-IT,GRITA,0,2023-10-03,2023-10-04,34,34,34,1,5,1,0.003640356707612105,0.0048602827369066195,0.001052003435693597,False,,,0.0,,0.0,,,
GR-IT,GRITA,1,2023-10-31,2023-11-29,704,704,704,5,17,4,0.10696247185370768,0.11281770962720607,0.0800037871725121,False,,,0.0,,0.0,,,
GR-IT,GRITA,2,2024-05-27,2024-06-23,657,657,653,4,7,3,0.12496727467849449,0.09345007067978266,0.14282204638507812,False,,,0.0,,0.0,,,
GR-IT,GRITA,3,2024-10-29,2024-10-31,51,51,51,1,5,1,0.01925605912248402,0.009296287100521846,0.029242590312324013,False,,,0.0,,0.0,,,
GR-IT,GRITA,4,2024-12-13,2024-12-14,27,27,26,1,5,1,0.008769808569920939,0.0035756125343608877,0.023943559290128025,False,,,0.0,,0.0,,,
GR-IT,GRITA,5,2025-02-11,2025-02-14,75,75,75,1,5,1,0.030270906660710535,0.015987949248089342,0.061928982943873896,False,,,0.0,,0.0,,,
GR-IT,GRITA,6,2025-02-23,2025-06-08,2528,2503,2388,15,35,8,0.2674208672439899,0.35711941307813727,0.20072499438759714,False,,,0.0,,0.0,,,
GR-IT,GRITA,7,2025-07-06,2025-07-11,109,109,101,1,5,1,0.020759435098100503,0.016416050067934035,0.020665611079263957,False,,,0.0,,0.0,,,
GR-IT,GRITA,8,2025-07-28,2025-10-28,2204,2204,1877,12,12,3,0.3333092188749766,0.29117144754494345,0.34070951117516474,False,,,0.0,,0.0,,,
GR-IT,GRITA,9,2025-10-31,2025-11-02,57,57,57,1,5,1,0.0181395846768611,0.01208196143922955,0.050438826004570614,False,,,0.0,,0.0,,,
GR-IT,GRITA,10,2025-11-23,2025-11-24,29,29,0,0,0,0,0.0,0.0,0.0,False,,,0.0,,0.0,,,
GR-IT,GRITA,11,2025-12-15,2025-12-16,30,30,29,1,5,1,0.01042090325519271,0.003961910922132338,0.018867340474592393,False,,,0.0,,0.0,,,
GR-IT,GRITA,12,2026-04-03,2026-04-06,52,52,49,1,5,1,0.0036564544634561658,0.0037544003713431734,0.0012436358929810906,False,,,0.0,,0.0,,,
GR-IT,GRITA,13,2026-04-22,2026-06-09,1161,1161,1038,7,5,1,0.05042991500226258,0.07145957753250701,0.027483286833717438,False,,,0.0,,0.0,,,
GR-IT,GRITA,14,2026-07-27,2026-07-31,109,109,108,1,1,1,0.001996743792230818,0.004047327116905765,0.0008738246125029086,False,,,0.0,,0.0,,,
NL-NO,NorNed,0,2023-09-04,2023-09-09,127,127,127,1,5,1,0.011982834503036633,0.013401270138069719,0.04201133326600155,True,Nord Pool UMM,planned,1.0,NL>NO;NO>NL,1.0,22d9de9f-63b7-477b-b6fd-cd85e336d783;7a211788-feb5-459e-b55d-81bf09905ce0,,
NL-NO,NorNed,1,2023-11-28,2023-11-30,57,57,56,1,5,1,0.007038876556657362,0.005117983944657441,0.01400651388289676,True,Nord Pool UMM,planned,1.0,NL>NO;NO>NL,1.0,111bcc54-efbb-4ccf-96df-d9836bf1f8c0;08d35ec3-8582-43c9-9583-144b5c6b8c9b;6930d2d6-a948-45f1-92c5-976f298e9f3e,,
NL-NO,NorNed,2,2024-01-05,2024-01-06,24,24,24,1,5,1,0.0016387378693920505,0.0014373993853875554,0.004330794356415394,False,,,0.0,,0.0,,,
NL-NO,NorNed,3,2024-01-22,2024-01-25,76,76,40,1,5,1,0.004829117390340331,0.002393012894841385,0.00824400669704516,True,Nord Pool UMM,unplanned,1.0,NL>NO;NO>NL,1.0,b648a954-f93a-4812-86dd-b96f6a609f7f,,
NL-NO,NorNed,4,2024-09-04,2024-09-05,34,34,34,1,5,1,0.004315162248514578,0.007771779072578901,0.02091026539496371,True,Nord Pool UMM,planned,1.0,NL>NO;NO>NL,1.0,40da991e-1d96-4138-b11a-546ab7526eb1;087a1a5d-854a-4dc4-95f6-4fcb55774502,,
NL-NO,NorNed,5,2025-04-01,2025-06-06,1596,1596,1559,10,9,2,0.6218633723009289,0.3694996924990675,0.5455763136951589,True,Nord Pool UMM,planned,1.0,NL>NO;NO>NL,1.0,7c311d89-09e5-49cd-9060-f0430901a8e3;0d225c34-8745-4562-9bcb-fcb613e8d1c5;3970aa3c-8d29-4032-9338-801397cd1546;187b5b17-349d-4433-b618-d72e37787fd6,,
NL-NO,NorNed,6,2025-08-18,2025-08-20,43,43,43,1,5,1,0.01832703630072847,0.006835146731058463,0.017677899176478867,True,Nord Pool UMM,unplanned,1.0,NL>NO;NO>NL,1.0,13e6cecc-4caf-4613-86ef-dba2279d25aa;7f55b61f-bbcf-4f51-92b8-f96352ac75a0;e8141d02-6c5c-4279-9ef8-7776b7f65a93,,
NL-NO,NorNed,7,2025-10-13,2025-10-21,201,199,198,2,7,2,0.01803013215833194,0.01571950241722954,0.05048502793132106,True,Nord Pool UMM,unplanned,1.0,NL>NO;NO>NL,1.0,e022d7c2-dc63-4150-848f-7799b980e897;8f78109e-6146-4641-b16e-df9f8844f53d,,
NL-NO,NorNed,8,2025-11-24,2025-11-27,80,80,80,1,5,1,0.010496470221925487,0.008989722131513776,0.018281422517565645,True,Nord Pool UMM,planned,1.0,NL>NO;NO>NL,1.0,2bb3dfeb-b3e6-4d5c-9ad7-587568b9c7bd,,
NL-NO,NorNed,9,2026-05-26,2026-08-31,2347,2316,2108,13,36,9,0.3014782604501442,0.5688344907855958,0.27847642308215304,True,Nord Pool UMM,planned,1.0,NL>NO;NO>NL,1.0,c19fcbd6-6f1a-4682-bf7e-f5d920defdcf;75c30a96-c04f-4ebe-b66e-bf35b878e5f6;af6b7d68-1de8-4b6c-a674-3f2f4e057bb4;ddc97177-a077-425c-8257-796d2a9e7dbb;1d93755d-eaba-43c1-846d-ca80935d3a60,,
PL-SE,SwePol,0,2023-10-01,2023-10-13,298,298,285,2,5,2,0.08396702569680853,0.03689992561568541,0.12243337615200953,True,Nord Pool UMM,planned,1.0,PL>SE;SE>PL,1.0,0dfcaabf-1fa9-4805-aa68-4a54b660e5d2;e961ea36-a821-4574-bbd5-012d41ad452c;66983df9-b1d6-4b3c-9105-51abe5e46a11,,
PL-SE,SwePol,1,2023-12-16,2023-12-18,32,32,32,1,5,1,0.006820598463033713,0.01149059092388484,0.0049407590973043316,False,,,0.0,,0.0,,,
PL-SE,SwePol,2,2024-08-20,2024-10-23,1543,1543,1063,7,10,3,0.34368367106384057,0.24840056444374556,0.36152000644725246,True,Nord Pool UMM,planned,1.0,PL>SE;SE>PL,1.0,be79c35d-5b68-46dd-8e22-38efd2cb5211;fe72c226-20cd-4316-9ded-7feaeffb6434;502f952d-d7f2-4117-b804-bd909b92aec2,,
PL-SE,SwePol,3,2024-10-26,2024-10-28,52,52,52,1,5,1,0.0013591583653379535,0.0008626706449568102,0.0030608144196614465,True,Nord Pool UMM,planned,1.0,PL>SE;SE>PL,1.0,14fa8388-a131-487b-956e-3d9d8c001920;fe72c226-20cd-4316-9ded-7feaeffb6434;7f77d32e-c7ed-40ab-ada1-5dd888e39445,,
PL-SE,SwePol,4,2025-09-22,2025-10-03,272,271,229,2,5,1,0.026070850481226506,0.01965495891883512,0.047451719732625804,True,Nord Pool UMM,planned,1.0,PL>SE;SE>PL,1.0,40feae0e-20f7-4218-9915-419498b3cbe0;ce7b3e7a-d835-459a-a3d6-0ac467a548a2;e64f3a78-2a14-48da-b93b-a675b34a58f3,,
PL-SE,SwePol,5,2025-11-04,2025-11-05,32,32,32,1,5,1,0.002330724049125335,0.0014793325560523308,0.005248773034657154,True,Nord Pool UMM,planned,1.0,PL>SE;SE>PL,1.0,ca1a58d5-0c9b-4159-9687-0c14a77d6adf;a099c600-433a-4fd3-b3fa-000ca61bab6f,,
PL-SE,SwePol,6,2026-02-11,2026-04-29,1850,1850,1401,9,16,4,0.5357679718806273,0.6812119568968399,0.45534455111648936,True,Nord Pool UMM,unplanned,1.0,PL>SE;SE>PL,1.0,7b845707-c1d6-4af2-bb4f-1ffceaba1d0b;60ea4d43-53c9-4523-8926-ad8dfbd4c124;d2ac0eba-9c1e-4f0e-8e8f-1f627935f95b,,
PL-SE,SwePol,7,2026-08-04,2026-08-05,27,27,0,0,0,0,0.0,0.0,0.0,True,Nord Pool UMM,planned,1.0,PL>SE;SE>PL,0.63,98252856-98e7-4fff-9117-1897eea8fa4e;2a326843-c760-4c3c-adc9-9a956f5a58af,,
PL-SE,SwePol,8,2026-08-09,2026-08-10,25,25,0,0,0,0,0.0,0.0,0.0,True,Nord Pool UMM,planned,0.76,PL>SE,0.48,add6a37a-fffa-402c-8a91-e5377cc2f745;87670b20-26f0-418b-a875-7a753f62a4be;4dc15dbe-6d9d-4b6f-98d0-f8d27902dbe2,,
DK-NL,COBRAcable,0,2023-10-30,2023-11-03,103,102,101,1,5,1,0.11008529885390503,0.25355124480835645,0.07221681089313617,True,Nord Pool UMM,planned,1.0,DK>NL;NL>DK,1.0,fce4a1e7-a3a0-4f9a-98ed-dcd5e703f7fe,,
DK-NL,COBRAcable,1,2023-11-22,2023-11-23,31,31,28,1,5,1,0.00807567581263993,0.027616605460405393,0.00930389731969947,True,Nord Pool UMM,planned,1.0,NL>DK,0.0,546e3639-6b87-407d-8123-64ff46c0283c,,
DK-NL,COBRAcable,2,2024-01-15,2024-01-22,178,171,134,1,5,1,0.2215760144922602,0.16221824474647353,0.17662606364849534,True,Nord Pool UMM,planned,1.0,DK>NL;NL>DK,1.0,480e43ef-4668-45af-b20c-1b826d7a71f4;34195bc7-f687-42f2-8492-9cdef7f41fd0;c14d1def-303c-4192-8b59-4eb0ddf2114e;250ce51c-ce91-4d38-a8d4-f76bd0155d84,,
DK-NL,COBRAcable,3,2024-01-28,2024-01-31,71,71,68,1,5,1,0.13843429296632082,0.11329894152276636,0.08220961129005537,True,Nord Pool UMM,unplanned,1.0,DK>NL;NL>DK,1.0,30cdfe80-ae21-441d-95e2-f768f0b300ee;278fff7a-4255-4746-a922-4e876a01dd38;4cc33d26-7835-4619-a5c9-ff46d2a73206,,
DK-NL,COBRAcable,4,2024-04-29,2024-05-02,79,79,79,1,5,1,0.17492556800877143,0.14260702324115115,0.07787658598146581,True,Nord Pool UMM,planned,1.0,NL>DK,0.0,8515bc50-ae68-410c-bcf3-c5e933416dcc,,
DK-NL,COBRAcable,5,2024-10-28,2024-11-01,99,99,96,1,5,1,0.20046529494385565,0.1580800054223816,0.07131150695399174,True,Nord Pool UMM,planned,1.0,DK>NL;NL>DK,1.0,cb1df86f-d37e-4fd9-b9c0-f708c6d064e5,,
DK-NL,COBRAcable,6,2025-05-06,2025-05-07,28,28,0,0,0,0,0.0,0.0,0.0,True,Nord Pool UMM,planned,1.0,DK>NL;NL>DK,1.0,10cac726-24fb-4dcc-879c-4aac55f44b28,,
DK-NL,COBRAcable,7,2025-07-14,2025-07-18,103,102,95,1,5,1,0.08012077310104619,0.08485456382692662,0.3114598955102075,True,Nord Pool UMM,planned,1.0,DK>NL;NL>DK,1.0,d10d22ce-a7cf-4e7f-a6af-8ffa66fefa5a;9c52b155-bb4f-4730-b04e-013a8fed9429,,
DK-NL,COBRAcable,8,2025-10-27,2025-10-31,103,103,85,1,5,1,0.06631708182120083,0.05777337097153888,0.19899562840294865,True,Nord Pool UMM,planned,1.0,DK>NL;NL>DK,1.0,6255840b-2583-48e5-9d82-9f4a8fb91c78;7797fbbd-0029-404e-91d0-fecac4fa492c;010ae397-c501-42c6-a62f-26e35ee693c6,,
ME-IT,MONITA,0,2023-07-01,2023-07-02,34,34,0,0,0,0,0.0,0.0,0.0,False,,,0.0,,0.0,,,
ME-IT,MONITA,1,2023-09-18,2023-09-27,225,225,225,2,10,2,0.1004031538057958,0.2113140696178704,0.04856851673873478,False,,,0.0,,0.0,,,
ME-IT,MONITA,2,2024-09-02,2024-09-11,224,224,224,2,10,2,0.4871354580525462,0.29472422201972254,0.7762528955055843,False,,,0.0,,0.0,,,
ME-IT,MONITA,3,2025-04-19,2025-04-21,65,65,0,0,0,0,0.0,0.0,0.0,False,,,0.0,,0.0,,,
ME-IT,MONITA,4,2025-06-09,2025-06-18,227,227,221,2,6,2,0.2020068108543031,0.26692133540867446,0.09863664129699586,False,,,0.0,,0.0,,,
ME-IT,MONITA,5,2026-02-27,2026-03-05,152,152,146,1,5,1,0.21045457728735495,0.22704037295373253,0.07654194645868506,False,,,0.0,,0.0,,,
BE-DE,ALEGrO,0,2024-04-15,2024-04-25,246,184,73,1,5,1,0.16299400077862528,0.3273782042156089,0.08473396569208712,False,,,0.0,,0.0,,,
BE-DE,ALEGrO,1,2025-05-12,2025-05-23,272,210,104,1,5,1,0.363343998108579,0.25882967479972074,0.5643886348310049,False,,,0.0,,0.0,,,
BE-DE,ALEGrO,2,2026-04-13,2026-04-24,272,216,94,1,4,1,0.47366200111279566,0.41379212098467033,0.35087739947690794,False,,,0.0,,0.0,,,
DE-NO,NordLink,0,2023-09-25,2023-09-26,34,34,31,1,5,1,0.07355740637965719,0.058731984532676966,0.209267977254209,True,Nord Pool UMM,planned,1.0,DE>NO;NO>DE,1.0,e60effef-f5e8-4de8-8fbe-0ecad455bbcb,,
DE-NO,NordLink,1,2024-09-16,2024-09-20,100,100,0,0,0,0,0.0,0.0,0.0,True,Nord Pool UMM,planned,1.0,DE>NO;NO>DE,1.0,f37b8453-7315-499f-bf55-60bcadba479b,,
DE-NO,NordLink,2,2025-06-16,2025-06-17,35,35,35,1,5,1,0.3403838642648431,0.19378843230861476,0.46607531252198925,True,Nord Pool UMM,unplanned,1.0,DE>NO;NO>DE,1.0,9080cd8c-c1bb-4910-8091-936aa731fcdb,,
DE-NO,NordLink,3,2025-09-15,2025-09-17,59,59,57,1,5,1,0.5860587293554996,0.7474795831587083,0.32465671022380177,True,Nord Pool UMM,planned,1.0,DE>NO;NO>DE,1.0,2640cc6a-ffa3-4535-b595-d70afe8f4048,,
GB-NO,North Sea Link,0,2023-10-16,2023-10-27,271,271,266,2,10,2,0.21575799597259734,0.08546760923574004,0.40639678467375806,True,Elexon REMIT,planned,1.0,GB>NO;NO>GB,1.0,NSL202210160500G-ELXP-RMT-00000026;NSL202210160500D-ELXP-RMT-00000026;fa2f7d75-4095-421f-9a00-23cd7eda5ec2,,
GB-NO,North Sea Link,1,2024-10-14,2024-10-25,269,269,267,2,8,2,0.08918145756694204,0.040573308856644924,0.17853510999178204,True,Elexon REMIT,planned,1.0,GB>NO;NO>GB,1.0,NSL202410140500G-ELXP-RMT-00000030;NSL202410140500D-ELXP-RMT-00000030;698ecf19-abe6-4a50-a7c8-59dfa7ef48aa,,
GB-NO,North Sea Link,2,2025-08-25,2025-09-05,267,267,251,2,8,2,0.6950605464604606,0.873959081907615,0.4150681053344599,True,Elexon REMIT,planned,1.0,GB>NO;NO>GB,1.0,NSL202508250500G-ELXP-RMT-00000003;NSL202508250500D-ELXP-RMT-00000003;6f938a77-6b89-43a4-86ed-0cc089a3d01e,,
GB-NO,North Sea Link,3,2026-08-24,2026-08-31,187,187,0,0,0,0,0.0,0.0,0.0,True,Elexon REMIT,planned,1.0,GB>NO;NO>GB,1.0,NSL202608240400G-ELXP-RMT-00000016;NSL202608240400D-ELXP-RMT-00000016;ab126f37-e1c5-486a-84fb-bb8c14381cb3;36af7796-6d13-4775-b6cf-a07c8d9b38bc,,
DK-GB,Viking Link,0,2024-02-04,2024-02-08,115,115,114,1,5,1,0.039097423228025355,0.10062712772158497,0.03082311528824872,True,Nord Pool UMM,unplanned,0.948,DK>GB;GB>DK,0.948,b965c546-f069-4fcc-8ee8-9c51fee9d145;8842364c-9105-4342-b51f-2ebd4e07ed05;4dc8a872-ec97-4cee-a35f-c05f8a478ecc;b04b4f5c-e9fa-49d1-b065-0db516a6b248,,
DK-GB,Viking Link,1,2024-04-09,2024-04-14,132,131,131,1,5,1,0.040638968732519334,0.07726401733391151,0.027397143111075044,True,Nord Pool UMM,planned,1.0,DK>GB;GB>DK,1.0,84d1b83e-3197-4bea-bff4-ba72af3b32be;4f7f99a3-d2b7-4986-afc6-98fb7426fc0a;760fb69b-0bca-44db-9f2d-30ad10c6d130,,
DK-GB,Viking Link,2,2024-06-18,2024-06-22,108,105,105,1,5,1,0.08409685547635282,0.06471095499439579,0.09343638198211784,True,Nord Pool UMM,planned,1.0,DK>GB;GB>DK,1.0,bff33077-f194-421a-a7f1-cfb49dd41658;50fa354d-1215-4972-8324-da8e2dff7219,,
DK-GB,Viking Link,3,2024-08-05,2024-08-18,322,322,322,2,10,2,0.30061676858378555,0.15027629749415583,0.3669465061309787,True,Nord Pool UMM,planned,1.0,DK>GB;GB>DK,1.0,VLL202408050400G-ELXP-RMT-00000029;d5217d24-f0e7-4abb-af4e-10df73cfe7bb;8ef2f0b3-f2a0-4d30-8acc-c9ed9b434765;258addfd-526f-4f11-822e-79b620cf8e76,,
DK-GB,Viking Link,4,2024-11-06,2024-11-08,62,62,33,1,5,1,0.006892786152904631,0.010103457519098306,0.034009972476996886,True,Elexon REMIT,planned,0.952,DK>GB;GB>DK,0.952,VLL202411060400D-ELXP-RMT-00000010;VLL202411060400G-ELXP-RMT-00000010;32d2ce17-d1d8-40f5-b2e9-e35643ad4eda;245e2737-288b-42cc-8756-5c4b409431ea,,
DK-GB,Viking Link,5,2025-05-12,2025-05-25,322,322,322,2,9,2,0.17476068038764286,0.2658119829522866,0.12586014391774816,True,Elexon REMIT,planned,0.984,DK>GB;GB>DK,0.984,VLL202505120400D-ELXP-RMT-00000004;VLL202505120400G-ELXP-RMT-00000004;a964df05-875c-4611-bfd1-8a7afa38bedb;e7699732-26fc-4aae-9db0-f845ade2c83c,,
DK-GB,Viking Link,6,2026-05-18,2026-05-31,323,323,316,2,0,0,0.3538965174387695,0.33120616198456687,0.32152673709283486,True,Elexon REMIT,planned,0.997,DK>GB;GB>DK,0.997,VLL202605180300D-ELXP-RMT-00000022;VLL202605180300G-ELXP-RMT-00000022;5995bd56-c6ad-4518-b16a-5fa754c661fa;2ff1c36d-55a2-4062-b3fa-9f6d7f6a30ba;1823b7d7-0eb6-4a6a-acb7-d65ab4d6c976,,
RS-HU,RS-HU tie lines,0,2023-08-12,2023-09-04,544,544,544,4,20,4,0.5095481050706726,0.6300908790868714,0.2708092484705353,False,,,,,0.0,,no JAO auctions in this period,
RS-HU,RS-HU tie lines,1,2024-09-09,2024-09-30,512,512,504,3,10,2,0.3598495803372378,0.3193470624239879,0.5155373800262399,True,JAO,zero offered capacity,1.0,RS>HU;HU>RS,1.0,,auction data for 100% of zero-flow hours,
RS-HU,RS-HU tie lines,2,2025-08-11,2025-08-13,55,55,55,1,5,1,0.1306023145920896,0.05056205848914061,0.21365337150322472,True,JAO,zero offered capacity,1.0,RS>HU;HU>RS,1.0,,auction data for 100% of zero-flow hours,
